<BackupInst xmlns="http://www.microsoft.com/GroupPolicy/GPOOperations/Manifest"><GPOGuid><![CDATA[{D1676DD3-2E18-4C6A-9FDE-188930D60D3B}]]></GPOGuid><GPODomain><![CDATA[testme.local]]></GPODomain><GPODomainGuid><![CDATA[{68e764d0-52a1-4ef3-b69e-5b92a3586ce0}]]></GPODomainGuid><GPODomainController><![CDATA[WIN-9RC3MUTOOI2.testme.local]]></GPODomainController><BackupTime><![CDATA[2019-04-04T15:57:56]]></BackupTime><ID><![CDATA[{500D54E6-6409-4D75-BBA1-D101CD01216F}]]></ID><Comment><![CDATA[LME-Sysmon-Task]]></Comment><GPODisplayName><![CDATA[LME-Sysmon-Task]]></GPODisplayName></BackupInst>
