<?xml version="1.0" encoding="utf-8"?>
<ScheduledTasks clsid="{CC63F200-7309-4ba0-B154-A71CD118DBCC}"><TaskV2 clsid="{D8896631-B747-47a7-84A6-C155337F3BC8}" name="LME-Sysmon-Task" image="2" changed="2019-04-04 15:55:50" uid="{3955EAB7-8F60-423E-B70C-D42F9B030B52}" userContext="0" removePolicy="0"><Properties action="U" name="LME-Sysmon-Task" runAs="NT AUTHORITY\System" logonType="S4U"><Task version="1.2"><RegistrationInfo><Author>TESTME\administrator</Author><Description></Description></RegistrationInfo><Principals><Principal id="Author"><UserId>NT AUTHORITY\System</UserId><LogonType>S4U</LogonType><RunLevel>HighestAvailable</RunLevel></Principal></Principals><Settings><IdleSettings><Duration>PT5M</Duration><WaitTimeout>PT1H</WaitTimeout><StopOnIdleEnd>false</StopOnIdleEnd><RestartOnIdle>false</RestartOnIdle></IdleSettings><MultipleInstancesPolicy>StopExisting</MultipleInstancesPolicy><DisallowStartIfOnBatteries>false</DisallowStartIfOnBatteries><StopIfGoingOnBatteries>false</StopIfGoingOnBatteries><AllowHardTerminate>false</AllowHardTerminate><AllowStartOnDemand>false</AllowStartOnDemand><Enabled>true</Enabled><Hidden>false</Hidden><ExecutionTimeLimit>PT0S</ExecutionTimeLimit><Priority>7</Priority></Settings><Triggers><CalendarTrigger><StartBoundary>2018-10-01T15:16:34</StartBoundary><Enabled>true</Enabled><ScheduleByDay><DaysInterval>1</DaysInterval></ScheduleByDay><RandomDelay>PT30M</RandomDelay><ExecutionTimeLimit>PT30M</ExecutionTimeLimit><Repetition><Interval>PT30M</Interval><Duration>P1D</Duration><StopAtDurationEnd>true</StopAtDurationEnd></Repetition></CalendarTrigger></Triggers><Actions Context="Author"><Exec><Command>\\server2.testme.local\LME_Share\update.bat</Command></Exec>
				</Actions></Task></Properties></TaskV2>
</ScheduledTasks>
