<BackupInst xmlns="http://www.microsoft.com/GroupPolicy/GPOOperations/Manifest"><GPOGuid><![CDATA[{E11C7E3F-6A95-47E2-AAE3-22B662E283C8}]]></GPOGuid><GPODomain><![CDATA[lme.local]]></GPODomain><GPODomainGuid><![CDATA[{c5fea3f5-3920-44a6-b263-2a6c602e1ef9}]]></GPODomainGuid><GPODomainController><![CDATA[DC1.lme.local]]></GPODomainController><BackupTime><![CDATA[2024-05-24T01:37:16]]></BackupTime><ID><![CDATA[{ADC94B57-F661-4DF6-9876-69CC352B6D27}]]></ID><Comment><![CDATA[]]></Comment><GPODisplayName><![CDATA[LME-WEC-Server]]></GPODisplayName></BackupInst>
