<BackupInst xmlns="http://www.microsoft.com/GroupPolicy/GPOOperations/Manifest"><GPOGuid><![CDATA[{21B73D02-E040-4408-B9B9-A58163B18ED9}]]></GPOGuid><GPODomain><![CDATA[testme.local]]></GPODomain><GPODomainGuid><![CDATA[{68e764d0-52a1-4ef3-b69e-5b92a3586ce0}]]></GPODomainGuid><GPODomainController><![CDATA[WIN-9RC3MUTOOI2.testme.local]]></GPODomainController><BackupTime><![CDATA[2019-04-04T15:59:00]]></BackupTime><ID><![CDATA[{36FE9489-FE2B-42DF-835C-DEA226B1AC72}]]></ID><Comment><![CDATA[LME-WEC-Server]]></Comment><GPODisplayName><![CDATA[LME-WEC-Server]]></GPODisplayName></BackupInst>
