<BackupInst xmlns="http://www.microsoft.com/GroupPolicy/GPOOperations/Manifest"><GPOGuid><![CDATA[{626292EF-B0C7-4E4C-8B5D-05C08061456B}]]></GPOGuid><GPODomain><![CDATA[lme.local]]></GPODomain><GPODomainGuid><![CDATA[{c5fea3f5-3920-44a6-b263-2a6c602e1ef9}]]></GPODomainGuid><GPODomainController><![CDATA[DC1.lme.local]]></GPODomainController><BackupTime><![CDATA[2024-05-24T01:37:05]]></BackupTime><ID><![CDATA[{3B4DDB7C-64A7-4E0D-AC21-9FEC36F944B0}]]></ID><Comment><![CDATA[]]></Comment><GPODisplayName><![CDATA[LME-WEC-Client]]></GPODisplayName></BackupInst>
